{
  "device": "cuda",
  "num_epochs": 70,
  "optimizer": "AdamW",
  "lr": 0.001,
  "train_size": 1920,
  "val_size": 384,
  "warmup_steps": null,
  "total_steps": null,
  "best_epoch": 60,
  "best_val_loss": 0.3514888721207778,
  "best_val_acc": 0.9192708333333334,
  "best_train_acc": 0.7666666666666667
}