{
  "FPR_0.5": {
    "threshold": -0.007007167208939791,
    "TPR": 0.9995912447257383
  },
  "FPR_0.4": {
    "threshold": 0.07144768536090851,
    "TPR": 0.9985495780590717
  },
  "FPR_0.3": {
    "threshold": 0.1528063863515854,
    "TPR": 0.9941191983122363
  },
  "FPR_0.2": {
    "threshold": 0.24486565589904785,
    "TPR": 0.9846387130801688
  },
  "FPR_0.1": {
    "threshold": 0.36472415924072266,
    "TPR": 0.9534150843881857
  },
  "FPR_0.05": {
    "threshold": 0.46661320328712463,
    "TPR": 0.8904667721518987
  },
  "FPR_0.025": {
    "threshold": 0.5526220798492432,
    "TPR": 0.8059071729957806
  },
  "FPR_0.01": {
    "threshold": 0.6471505165100098,
    "TPR": 0.6890954641350211
  }
}